Total_Invoice_Amount	Year	Total_Invoice_Count	Client	Supplier_ref
3894836.880000	2018	1823.000000	"con edison"	"a&m wholesale hardware co dba a&m industrial"
4815654.260000	2017	1823.000000	"con edison"	"a&m wholesale hardware co dba a&m industrial"
5329215.590000	2016	1823.000000	"con edison"	"a&m wholesale hardware co dba a&m industrial"
5329215.590000	2016	1823.000000	"con edison"	"a&m wholesale hardware co dba a&m industrial"
19323365.680000	2016	170.500000	"con edison"	"abb"
19323365.680000	2016	170.500000	"con edison"	"abb"
25576812.520000	2017	170.500000	"con edison"	"abb"
16487513.750000	2018	170.500000	"con edison"	"abb"
20290220.170000	2017	81.000000	"con edison"	"accenture llp"
11397070.350000	2016	81.000000	"con edison"	"accenture llp"
11397070.350000	2016	81.000000	"con edison"	"accenture llp"
20423256.640000	2018	81.000000	"con edison"	"accenture llp"
24624072.740000	2016	1360.250000	"con edison"	"acv enviro apv"
25184567.630000	2018	1360.250000	"con edison"	"acv enviro apv"
24624072.740000	2016	1360.250000	"con edison"	"acv enviro apv"
32798645.490000	2017	1360.250000	"con edison"	"acv enviro apv"
3837664.530000	2017	38.750000	"con edison"	"adc construction"
5131776.130000	2016	38.750000	"con edison"	"adc construction"
5131776.130000	2016	38.750000	"con edison"	"adc construction"
3411692.350000	2018	38.750000	"con edison"	"adc construction"
733444.540000	2016	43.500000	"con edison"	"aecom"
362645.060000	2018	43.500000	"con edison"	"aecom"
727642.930000	2017	43.500000	"con edison"	"aecom"
733444.540000	2016	43.500000	"con edison"	"aecom"
808282.630000	2016	91.000000	"con edison"	"aggreko holdings"
1053136.550000	2018	91.000000	"con edison"	"aggreko holdings"
614205.980000	2017	91.000000	"con edison"	"aggreko holdings"
808282.630000	2016	91.000000	"con edison"	"aggreko holdings"
632936.210000	2016	556.250000	"con edison"	"air products and chemicals"
892163.140000	2018	556.250000	"con edison"	"air products and chemicals"
632936.210000	2016	556.250000	"con edison"	"air products and chemicals"
711361.520000	2017	556.250000	"con edison"	"air products and chemicals"
1100374.350000	2016	1368.500000	"con edison"	"airgas usa 1"
980117.890000	2018	1368.500000	"con edison"	"airgas usa 1"
1100374.350000	2016	1368.500000	"con edison"	"airgas usa 1"
1070999.100000	2017	1368.500000	"con edison"	"airgas usa 1"
995045.870000	2016	132.750000	"con edison"	"alison control"
923885.000000	2018	132.750000	"con edison"	"alison control"
1262133.000000	2017	132.750000	"con edison"	"alison control"
995045.870000	2016	132.750000	"con edison"	"alison control"
259879.000000	2017	4.000000	"con edison"	"allegro development corp"
238765.000000	2018	4.000000	"con edison"	"allegro development corp"
500010.650000	2016	4.000000	"con edison"	"allegro development corp"
500010.650000	2016	4.000000	"con edison"	"allegro development corp"
5452330.950000	2018	689.500000	"con edison"	"alliedbarton security services"
6020370.720000	2017	689.500000	"con edison"	"alliedbarton security services"
5885164.370000	2016	689.500000	"con edison"	"alliedbarton security services"
5885164.370000	2016	689.500000	"con edison"	"alliedbarton security services"
924558.200000	2018	14.000000	"con edison"	"alstom power"
324584.400000	2016	14.000000	"con edison"	"alstom power"
324584.400000	2016	14.000000	"con edison"	"alstom power"
1031861.810000	2017	14.000000	"con edison"	"alstom power"
3563689.110000	2017	84.000000	"con edison"	"altec industries"
1973092.760000	2018	84.000000	"con edison"	"altec industries"
3705500.270000	2016	84.000000	"con edison"	"altec industries"
3705500.270000	2016	84.000000	"con edison"	"altec industries"
219131.880000	2017	5.500000	"con edison"	"arnold & porter kaye scholer llp"
793559.210000	2018	5.500000	"con edison"	"arnold & porter kaye scholer llp"
89166.560000	2016	5.500000	"con edison"	"arnold & porter kaye scholer llp"
89166.560000	2016	5.500000	"con edison"	"arnold & porter kaye scholer llp"
0.000000	2016	0.500000	"con edison"	"asplundh construction corp"
0.000000	2016	0.500000	"con edison"	"asplundh construction corp"
0.000000	2017	0.500000	"con edison"	"asplundh construction corp"
1990230.130000	2018	0.500000	"con edison"	"asplundh construction corp"
39375.320000	2016	336.000000	"con edison"	"asplundh tree expert co"
39375.320000	2016	336.000000	"con edison"	"asplundh tree expert co"
16091899.590000	2018	336.000000	"con edison"	"asplundh tree expert co"
4929491.980000	2017	336.000000	"con edison"	"asplundh tree expert co"
238159.690000	2018	280.750000	"con edison"	"atc group services"
377291.000000	2017	280.750000	"con edison"	"atc group services"
622414.130000	2016	280.750000	"con edison"	"atc group services"
622414.130000	2016	280.750000	"con edison"	"atc group services"
540100.730000	2017	39.250000	"con edison"	"atlas coo compressors"
376431.470000	2016	39.250000	"con edison"	"atlas coo compressors"
376431.470000	2016	39.250000	"con edison"	"atlas coo compressors"
491055.730000	2018	39.250000	"con edison"	"atlas coo compressors"
7813836.370000	2017	41.500000	"con edison"	"attri enterprises"
5929673.800000	2016	41.500000	"con edison"	"attri enterprises"
16409555.640000	2018	41.500000	"con edison"	"attri enterprises"
5929673.800000	2016	41.500000	"con edison"	"attri enterprises"
0.000000	2016	4.750000	"con edison"	"bain & company"
27747866.000000	2018	4.750000	"con edison"	"bain & company"
3000000.000000	2017	4.750000	"con edison"	"bain & company"
0.000000	2016	4.750000	"con edison"	"bain & company"
4052369.260000	2016	319.250000	"con edison"	"bay crane service"
4052369.260000	2016	319.250000	"con edison"	"bay crane service"
6631702.960000	2017	319.250000	"con edison"	"bay crane service"
7846532.110000	2018	319.250000	"con edison"	"bay crane service"
1318965.500000	2018	1.500000	"con edison"	"bbc electrical services"
0.000000	2016	1.500000	"con edison"	"bbc electrical services"
0.000000	2017	1.500000	"con edison"	"bbc electrical services"
0.000000	2016	1.500000	"con edison"	"bbc electrical services"
0.000000	2018	4.750000	"con edison"	"bentley systems"
648278.840000	2016	4.750000	"con edison"	"bentley systems"
678494.070000	2017	4.750000	"con edison"	"bentley systems"
648278.840000	2016	4.750000	"con edison"	"bentley systems"
333251.130000	2018	2.750000	"con edison"	"bmc software"
407827.440000	2017	2.750000	"con edison"	"bmc software"
409996.670000	2016	2.750000	"con edison"	"bmc software"
409996.670000	2016	2.750000	"con edison"	"bmc software"
12911766.290000	2017	122.500000	"con edison"	"bond brothers"
9354598.400000	2018	122.500000	"con edison"	"bond brothers"
19303390.900000	2016	122.500000	"con edison"	"bond brothers"
19303390.900000	2016	122.500000	"con edison"	"bond brothers"
4961599.190000	2016	644.750000	"con edison"	"brigade energy services"
4961599.190000	2016	644.750000	"con edison"	"brigade energy services"
7600749.450000	2018	644.750000	"con edison"	"brigade energy services"
6727211.490000	2017	644.750000	"con edison"	"brigade energy services"
6542467.850000	2016	76.250000	"con edison"	"broadridge ics"
6542467.850000	2016	76.250000	"con edison"	"broadridge ics"
6530209.070000	2018	76.250000	"con edison"	"broadridge ics"
6275957.970000	2017	76.250000	"con edison"	"broadridge ics"
4473577.320000	2016	18.000000	"con edison"	"browns energy services"
4473577.320000	2016	18.000000	"con edison"	"browns energy services"
3033865.410000	2018	18.000000	"con edison"	"browns energy services"
3865239.610000	2017	18.000000	"con edison"	"browns energy services"
7556850.470000	2018	43.000000	"con edison"	"burns & mcdonnell engineering company"
2434357.020000	2017	43.000000	"con edison"	"burns & mcdonnell engineering company"
1212811.510000	2016	43.000000	"con edison"	"burns & mcdonnell engineering company"
1212811.510000	2016	43.000000	"con edison"	"burns & mcdonnell engineering company"
0.000000	2016	6.000000	"con edison"	"c3"
16123677.290000	2017	6.000000	"con edison"	"c3"
0.000000	2016	6.000000	"con edison"	"c3"
3102709.650000	2018	6.000000	"con edison"	"c3"
39456166.010000	2016	943.000000	"con edison"	"casco industries"
39456166.010000	2016	943.000000	"con edison"	"casco industries"
54013616.280000	2018	943.000000	"con edison"	"casco industries"
46446035.300000	2017	943.000000	"con edison"	"casco industries"
5661782.910000	2016	15.250000	"con edison"	"caldwell marine international"
6319893.240000	2018	15.250000	"con edison"	"caldwell marine international"
5661782.910000	2016	15.250000	"con edison"	"caldwell marine international"
13964886.820000	2017	15.250000	"con edison"	"caldwell marine international"
4340836.030000	2016	175.250000	"con edison"	"care security systems"
3253413.190000	2018	175.250000	"con edison"	"care security systems"
2982216.310000	2017	175.250000	"con edison"	"care security systems"
4340836.030000	2016	175.250000	"con edison"	"care security systems"
2786752.260000	2016	14.500000	"con edison"	"cargill"
165375.000000	2018	14.500000	"con edison"	"cargill"
2786752.260000	2016	14.500000	"con edison"	"cargill"
8015597.040000	2017	14.500000	"con edison"	"cargill"
5860931.000000	2017	68.500000	"con edison"	"carte international"
9830611.000000	2016	68.500000	"con edison"	"carte international"
9830611.000000	2016	68.500000	"con edison"	"carte international"
5051852.000000	2018	68.500000	"con edison"	"carte international"
1148334.120000	2017	54.000000	"con edison"	"cdm smith"
978360.800000	2016	54.000000	"con edison"	"cdm smith"
978360.800000	2016	54.000000	"con edison"	"cdm smith"
1376759.020000	2018	54.000000	"con edison"	"cdm smith"
6453416.730000	2016	47.500000	"con edison"	"cdw  dba cdw direct"
4000018.590000	2017	47.500000	"con edison"	"cdw  dba cdw direct"
6453416.730000	2016	47.500000	"con edison"	"cdw  dba cdw direct"
1053284.180000	2018	47.500000	"con edison"	"cdw  dba cdw direct"
5080267.520000	2017	2235.250000	"con edison"	"ce solutions group"
6504278.400000	2016	2235.250000	"con edison"	"ce solutions group"
7732273.850000	2018	2235.250000	"con edison"	"ce solutions group"
6504278.400000	2016	2235.250000	"con edison"	"ce solutions group"
491231.110000	2017	929.500000	"con edison"	"cellular accessories for less"
630757.380000	2016	929.500000	"con edison"	"cellular accessories for less"
630757.380000	2016	929.500000	"con edison"	"cellular accessories for less"
42066.750000	2018	929.500000	"con edison"	"cellular accessories for less"
6226588.700000	2017	27.500000	"con edison"	"cgi technologies and solutions"
1915354.480000	2016	27.500000	"con edison"	"cgi technologies and solutions"
1915354.480000	2016	27.500000	"con edison"	"cgi technologies and solutions"
13517438.100000	2018	27.500000	"con edison"	"cgi technologies and solutions"
1167222.660000	2016	14.750000	"con edison"	"ch2m hill"
327085.230000	2017	14.750000	"con edison"	"ch2m hill"
75665.430000	2018	14.750000	"con edison"	"ch2m hill"
1167222.660000	2016	14.750000	"con edison"	"ch2m hill"
1282365.930000	2017	108.250000	"con edison"	"cha consulting"
1245677.280000	2016	108.250000	"con edison"	"cha consulting"
1245677.280000	2016	108.250000	"con edison"	"cha consulting"
2473901.650000	2018	108.250000	"con edison"	"cha consulting"
2014600.920000	2018	18.000000	"con edison"	"champion energy services"
2193514.480000	2017	18.000000	"con edison"	"champion energy services"
2403789.790000	2016	18.000000	"con edison"	"champion energy services"
2403789.790000	2016	18.000000	"con edison"	"champion energy services"
3941519.910000	2017	2500.500000	"con edison"	"cintas corporation  2"
3002484.590000	2018	2500.500000	"con edison"	"cintas corporation  2"
4466081.470000	2016	2500.500000	"con edison"	"cintas corporation  2"
4466081.470000	2016	2500.500000	"con edison"	"cintas corporation  2"
17468176.450000	2018	161.750000	"con edison"	"citywide paving"
13687323.410000	2016	161.750000	"con edison"	"citywide paving"
13687323.410000	2016	161.750000	"con edison"	"citywide paving"
13343593.410000	2017	161.750000	"con edison"	"citywide paving"
4556969.200000	2018	529.750000	"con edison"	"clean harbors evironmental services"
6125078.970000	2016	529.750000	"con edison"	"clean harbors evironmental services"
8258239.260000	2017	529.750000	"con edison"	"clean harbors evironmental services"
6125078.970000	2016	529.750000	"con edison"	"clean harbors evironmental services"
9984016.940000	2018	464.000000	"con edison"	"clean up services"
7930324.990000	2016	464.000000	"con edison"	"clean up services"
10533900.000000	2017	464.000000	"con edison"	"clean up services"
7930324.990000	2016	464.000000	"con edison"	"clean up services"
231591.490000	2018	4.750000	"con edison"	"cleaveland/price"
308915.000000	2017	4.750000	"con edison"	"cleaveland/price"
829745.000000	2016	4.750000	"con edison"	"cleaveland/price"
829745.000000	2016	4.750000	"con edison"	"cleaveland/price"
10795290.000000	2017	10.250000	"con edison"	"cniguard"
1225570.000000	2016	10.250000	"con edison"	"cniguard"
1225570.000000	2016	10.250000	"con edison"	"cniguard"
3645437.420000	2018	10.250000	"con edison"	"cniguard"
10046172.330000	2016	277.250000	"con edison"	"colonnelli brothers"
11111189.340000	2017	277.250000	"con edison"	"colonnelli brothers"
11711472.010000	2018	277.250000	"con edison"	"colonnelli brothers"
10046172.330000	2016	277.250000	"con edison"	"colonnelli brothers"
443743.620000	2017	5.000000	"con edison"	"columbia gas transmission"
0.000000	2016	5.000000	"con edison"	"columbia gas transmission"
0.000000	2016	5.000000	"con edison"	"columbia gas transmission"
1335679.250000	2018	5.000000	"con edison"	"columbia gas transmission"
407884.690000	2018	9.000000	"con edison"	"commerce energy"
752217.750000	2016	9.000000	"con edison"	"commerce energy"
752217.750000	2016	9.000000	"con edison"	"commerce energy"
491901.740000	2017	9.000000	"con edison"	"commerce energy"
6295350.370000	2017	328.500000	"con edison"	"comsys info technology svcs"
7389342.530000	2018	328.500000	"con edison"	"comsys info technology svcs"
4097367.900000	2016	328.500000	"con edison"	"comsys info technology svcs"
4097367.900000	2016	328.500000	"con edison"	"comsys info technology svcs"
3531117.380000	2016	6944.000000	"con edison"	"concord limousine 1"
3531117.380000	2016	6944.000000	"con edison"	"concord limousine 1"
5467277.590000	2017	6944.000000	"con edison"	"concord limousine 1"
8960401.720000	2018	6944.000000	"con edison"	"concord limousine 1"
7123516.420000	2017	257.000000	"con edison"	"control associates"
5866815.080000	2016	257.000000	"con edison"	"control associates"
5731658.560000	2018	257.000000	"con edison"	"control associates"
5866815.080000	2016	257.000000	"con edison"	"control associates"
2445315.930000	2018	121.500000	"con edison"	"cooper power systems"
13972376.790000	2016	121.500000	"con edison"	"cooper power systems"
3262548.010000	2017	121.500000	"con edison"	"cooper power systems"
13972376.790000	2016	121.500000	"con edison"	"cooper power systems"
490625.000000	2016	24.750000	"con edison"	"cra"
531750.000000	2017	24.750000	"con edison"	"cra"
490625.000000	2016	24.750000	"con edison"	"cra"
1028761.000000	2018	24.750000	"con edison"	"cra"
14499524.290000	2016	9.750000	"con edison"	"creamer environmental"
131941.000000	2018	9.750000	"con edison"	"creamer environmental"
14499524.290000	2016	9.750000	"con edison"	"creamer environmental"
4897824.420000	2017	9.750000	"con edison"	"creamer environmental"
19794646.770000	2018	472.250000	"con edison"	"creamer sanzari joint venture"
11219660.340000	2016	472.250000	"con edison"	"creamer sanzari joint venture"
11219660.340000	2016	472.250000	"con edison"	"creamer sanzari joint venture"
19478481.170000	2017	472.250000	"con edison"	"creamer sanzari joint venture"
10934361.790000	2017	585.750000	"con edison"	"crossfire consulting corp"
8283784.440000	2016	585.750000	"con edison"	"crossfire consulting corp"
8283784.440000	2016	585.750000	"con edison"	"crossfire consulting corp"
5459543.720000	2018	585.750000	"con edison"	"crossfire consulting corp"
61537482.300000	2016	1368.250000	"con edison"	"danella construction of ny"
61537482.300000	2016	1368.250000	"con edison"	"danella construction of ny"
72702914.150000	2018	1368.250000	"con edison"	"danella construction of ny"
54918755.090000	2017	1368.250000	"con edison"	"danella construction of ny"
4505441.020000	2016	290.000000	"con edison"	"dejana truck & utility equipment co"
3836372.120000	2017	290.000000	"con edison"	"dejana truck & utility equipment co"
6764249.420000	2018	290.000000	"con edison"	"dejana truck & utility equipment co"
4505441.020000	2016	290.000000	"con edison"	"dejana truck & utility equipment co"
3167186.140000	2016	37.250000	"con edison"	"delta environmental"
3167186.140000	2016	37.250000	"con edison"	"delta environmental"
4946734.120000	2017	37.250000	"con edison"	"delta environmental"
3924867.740000	2018	37.250000	"con edison"	"delta environmental"
74400.000000	2016	24.750000	"con edison"	"dewalch technologies"
74400.000000	2016	24.750000	"con edison"	"dewalch technologies"
986005.750000	2017	24.750000	"con edison"	"dewalch technologies"
597148.250000	2018	24.750000	"con edison"	"dewalch technologies"
219210.600000	2017	32.500000	"con edison"	"dewberry engineers"
257223.890000	2016	32.500000	"con edison"	"dewberry engineers"
866991.430000	2018	32.500000	"con edison"	"dewberry engineers"
257223.890000	2016	32.500000	"con edison"	"dewberry engineers"
2963386.040000	2016	157.250000	"con edison"	"diehl & sons  dba new york freightliner"
6067221.010000	2018	157.250000	"con edison"	"diehl & sons  dba new york freightliner"
2963386.040000	2016	157.250000	"con edison"	"diehl & sons  dba new york freightliner"
7145343.630000	2017	157.250000	"con edison"	"diehl & sons  dba new york freightliner"
8211914.860000	2016	703.250000	"con edison"	"dnow lp"
8760329.400000	2017	703.250000	"con edison"	"dnow lp"
8211914.860000	2016	703.250000	"con edison"	"dnow lp"
4207388.440000	2018	703.250000	"con edison"	"dnow lp"
936524.900000	2017	21.750000	"con edison"	"doble engineering co"
584225.250000	2016	21.750000	"con edison"	"doble engineering co"
584225.250000	2016	21.750000	"con edison"	"doble engineering co"
186350.330000	2018	21.750000	"con edison"	"doble engineering co"
5361603.210000	2018	338.000000	"con edison"	"donnelly & moore corp"
5063138.500000	2016	338.000000	"con edison"	"donnelly & moore corp"
5063138.500000	2016	338.000000	"con edison"	"donnelly & moore corp"
5436591.670000	2017	338.000000	"con edison"	"donnelly & moore corp"
36216177.660000	2016	583.750000	"con edison"	"donofrio general contractors corp"
36926812.570000	2017	583.750000	"con edison"	"donofrio general contractors corp"
36216177.660000	2016	583.750000	"con edison"	"donofrio general contractors corp"
51453479.630000	2018	583.750000	"con edison"	"donofrio general contractors corp"
4621009.540000	2017	721.250000	"con edison"	"dresser piping specialties"
6410279.690000	2016	721.250000	"con edison"	"dresser piping specialties"
4418191.500000	2018	721.250000	"con edison"	"dresser piping specialties"
6410279.690000	2016	721.250000	"con edison"	"dresser piping specialties"
851246.330000	2018	9.000000	"con edison"	"dual fuel energy corp"
407839.980000	2016	9.000000	"con edison"	"dual fuel energy corp"
837390.560000	2017	9.000000	"con edison"	"dual fuel energy corp"
407839.980000	2016	9.000000	"con edison"	"dual fuel energy corp"
8016614.180000	2017	200.250000	"con edison"	"dura line corporation"
8687055.420000	2018	200.250000	"con edison"	"dura line corporation"
4967417.820000	2016	200.250000	"con edison"	"dura line corporation"
4967417.820000	2016	200.250000	"con edison"	"dura line corporation"
4765182.700000	2017	41.250000	"con edison"	"durr mechanical construction"
6367511.240000	2016	41.250000	"con edison"	"durr mechanical construction"
2842988.440000	2018	41.250000	"con edison"	"durr mechanical construction"
6367511.240000	2016	41.250000	"con edison"	"durr mechanical construction"
11092274.380000	2017	370.500000	"con edison"	"ej electric installation co"
31363013.650000	2018	370.500000	"con edison"	"ej electric installation co"
5591704.730000	2016	370.500000	"con edison"	"ej electric installation co"
5591704.730000	2016	370.500000	"con edison"	"ej electric installation co"
6455687.620000	2016	239.000000	"con edison"	"east jordan iron works  dba ej usa"
3168285.390000	2018	239.000000	"con edison"	"east jordan iron works  dba ej usa"
6455687.620000	2016	239.000000	"con edison"	"east jordan iron works  dba ej usa"
6996548.730000	2017	239.000000	"con edison"	"east jordan iron works  dba ej usa"
311906.520000	2018	18.500000	"con edison"	"eastern lift truck co"
658072.790000	2017	18.500000	"con edison"	"eastern lift truck co"
128639.000000	2016	18.500000	"con edison"	"eastern lift truck co"
128639.000000	2016	18.500000	"con edison"	"eastern lift truck co"
180864.960000	2017	13.500000	"con edison"	"eaton corp"
245041.000000	2016	13.500000	"con edison"	"eaton corp"
699347.920000	2018	13.500000	"con edison"	"eaton corp"
245041.000000	2016	13.500000	"con edison"	"eaton corp"
7126809.820000	2016	84.500000	"con edison"	"eberhart construction co"
11249338.130000	2018	84.500000	"con edison"	"eberhart construction co"
6587511.300000	2017	84.500000	"con edison"	"eberhart construction co"
7126809.820000	2016	84.500000	"con edison"	"eberhart construction co"
9354585.070000	2017	68.250000	"con edison"	"eci building corp"
8732534.680000	2016	68.250000	"con edison"	"eci building corp"
8732534.680000	2016	68.250000	"con edison"	"eci building corp"
10804743.010000	2018	68.250000	"con edison"	"eci building corp"
7581399.930000	2016	777.000000	"con edison"	"eclaro international"
17215722.170000	2018	777.000000	"con edison"	"eclaro international"
9571883.510000	2017	777.000000	"con edison"	"eclaro international"
7581399.930000	2016	777.000000	"con edison"	"eclaro international"
1632856.140000	2017	43.250000	"con edison"	"eclipse"
0.000000	2016	43.250000	"con edison"	"eclipse"
3408231.670000	2018	43.250000	"con edison"	"eclipse"
0.000000	2016	43.250000	"con edison"	"eclipse"
3092152.590000	2018	14.000000	"con edison"	"ecova"
2023583.150000	2016	14.000000	"con edison"	"ecova"
2023583.150000	2016	14.000000	"con edison"	"ecova"
1045089.890000	2017	14.000000	"con edison"	"ecova"
5930359.130000	2018	10.250000	"con edison"	"edf"
2031978.700000	2017	10.250000	"con edison"	"edf"
20283983.250000	2016	10.250000	"con edison"	"edf"
20283983.250000	2016	10.250000	"con edison"	"edf"
42924789.440000	2017	637.500000	"con edison"	"elecnor hawkeye"
82154060.080000	2018	637.500000	"con edison"	"elecnor hawkeye"
46725009.060000	2016	637.500000	"con edison"	"elecnor hawkeye"
46725009.060000	2016	637.500000	"con edison"	"elecnor hawkeye"
5809948.000000	2018	474.250000	"con edison"	"electronic technology"
5633761.140000	2017	474.250000	"con edison"	"electronic technology"
9149112.880000	2016	474.250000	"con edison"	"electronic technology"
9149112.880000	2016	474.250000	"con edison"	"electronic technology"
2298892.180000	2016	34.500000	"con edison"	"emc corp"
9324890.520000	2017	34.500000	"con edison"	"emc corp"
2298892.180000	2016	34.500000	"con edison"	"emc corp"
704534.000000	2018	34.500000	"con edison"	"emc corp"
6261808.270000	2016	25.000000	"con edison"	"energy & resource solutions"
2507688.690000	2017	25.000000	"con edison"	"energy & resource solutions"
2080191.280000	2018	25.000000	"con edison"	"energy & resource solutions"
6261808.270000	2016	25.000000	"con edison"	"energy & resource solutions"
4056332.590000	2017	9.250000	"con edison"	"energy spectrum"
2366925.300000	2018	9.250000	"con edison"	"energy spectrum"
6242454.980000	2016	9.250000	"con edison"	"energy spectrum"
6242454.980000	2016	9.250000	"con edison"	"energy spectrum"
2598052.980000	2017	8.250000	"con edison"	"enernoc"
3384065.660000	2016	8.250000	"con edison"	"enernoc"
3107059.190000	2018	8.250000	"con edison"	"enernoc"
3384065.660000	2016	8.250000	"con edison"	"enernoc"
4200812.830000	2017	9.000000	"con edison"	"enerwise global technologies  dba cpower"
5581378.090000	2016	9.000000	"con edison"	"enerwise global technologies  dba cpower"
4076005.780000	2018	9.000000	"con edison"	"enerwise global technologies  dba cpower"
5581378.090000	2016	9.000000	"con edison"	"enerwise global technologies  dba cpower"
3482846.100000	2018	247.000000	"con edison"	"engineering maintenance products  aka e m p"
3523815.570000	2016	247.000000	"con edison"	"engineering maintenance products  aka e m p"
3523815.570000	2016	247.000000	"con edison"	"engineering maintenance products  aka e m p"
3488126.700000	2017	247.000000	"con edison"	"engineering maintenance products  aka e m p"
3613196.450000	2018	191.250000	"con edison"	"environmental construction"
3391710.090000	2016	191.250000	"con edison"	"environmental construction"
3391710.090000	2016	191.250000	"con edison"	"environmental construction"
2736375.710000	2017	191.250000	"con edison"	"environmental construction"
841992.960000	2017	16.000000	"con edison"	"epm power & water solutions"
787409.000000	2018	16.000000	"con edison"	"epm power & water solutions"
1701189.050000	2016	16.000000	"con edison"	"epm power & water solutions"
1701189.050000	2016	16.000000	"con edison"	"epm power & water solutions"
4213871.000000	2016	101.250000	"con edison"	"ermco"
4213871.000000	2016	101.250000	"con edison"	"ermco"
1748749.000000	2017	101.250000	"con edison"	"ermco"
4091365.000000	2018	101.250000	"con edison"	"ermco"
3804601.840000	2016	777.000000	"con edison"	"f & f industrial equipment corp"
3066792.710000	2017	777.000000	"con edison"	"f & f industrial equipment corp"
3751476.440000	2018	777.000000	"con edison"	"f & f industrial equipment corp"
3804601.840000	2016	777.000000	"con edison"	"f & f industrial equipment corp"
8210245.960000	2016	54.750000	"con edison"	"ferreira construction co"
17639505.330000	2018	54.750000	"con edison"	"ferreira construction co"
8210245.960000	2016	54.750000	"con edison"	"ferreira construction co"
14352439.050000	2017	54.750000	"con edison"	"ferreira construction co"
361423.840000	2017	9.000000	"con edison"	"ffc energy"
302239.970000	2016	9.000000	"con edison"	"ffc energy"
302239.970000	2016	9.000000	"con edison"	"ffc energy"
454708.360000	2018	9.000000	"con edison"	"ffc energy"
570579.520000	2017	102.750000	"con edison"	"fit for work"
587105.460000	2016	102.750000	"con edison"	"fit for work"
587105.460000	2016	102.750000	"con edison"	"fit for work"
590257.460000	2018	102.750000	"con edison"	"fit for work"
878687.500000	2017	6.750000	"con edison"	"fitch ratings"
1267009.500000	2018	6.750000	"con edison"	"fitch ratings"
1064697.500000	2016	6.750000	"con edison"	"fitch ratings"
1064697.500000	2016	6.750000	"con edison"	"fitch ratings"
585787.490000	2016	36.250000	"con edison"	"flowserve us"
194497.850000	2017	36.250000	"con edison"	"flowserve us"
414570.220000	2018	36.250000	"con edison"	"flowserve us"
585787.490000	2016	36.250000	"con edison"	"flowserve us"
8000.000000	2017	13.250000	"con edison"	"fresh meadow power"
6500733.010000	2016	13.250000	"con edison"	"fresh meadow power"
4413641.090000	2018	13.250000	"con edison"	"fresh meadow power"
6500733.010000	2016	13.250000	"con edison"	"fresh meadow power"
271518.000000	2018	4.500000	"con edison"	"gartner"
299850.000000	2016	4.500000	"con edison"	"gartner"
652258.820000	2017	4.500000	"con edison"	"gartner"
299850.000000	2016	4.500000	"con edison"	"gartner"
49021606.510000	2016	380.750000	"con edison"	"ge grid solutions"
35461147.210000	2017	380.750000	"con edison"	"ge grid solutions"
28419404.810000	2018	380.750000	"con edison"	"ge grid solutions"
49021606.510000	2016	380.750000	"con edison"	"ge grid solutions"
9782864.460000	2017	39.500000	"con edison"	"getma international"
2152232.710000	2018	39.500000	"con edison"	"getma international"
3137982.310000	2016	39.500000	"con edison"	"getma international"
3137982.310000	2016	39.500000	"con edison"	"getma international"
451634.980000	2018	33.750000	"con edison"	"ge mobile water"
338697.920000	2016	33.750000	"con edison"	"ge mobile water"
338697.920000	2016	33.750000	"con edison"	"ge mobile water"
871156.750000	2017	33.750000	"con edison"	"ge mobile water"
2482985.490000	2017	178.500000	"con edison"	"geprolec transformers"
4054178.000000	2018	178.500000	"con edison"	"geprolec transformers"
3749530.450000	2016	178.500000	"con edison"	"geprolec transformers"
3749530.450000	2016	178.500000	"con edison"	"geprolec transformers"
2038790.110000	2016	167.250000	"con edison"	"gei consultants"
1943677.950000	2018	167.250000	"con edison"	"gei consultants"
2284080.540000	2017	167.250000	"con edison"	"gei consultants"
2038790.110000	2016	167.250000	"con edison"	"gei consultants"
52166190.630000	2017	622.750000	"con edison"	"general cable industries"
46496153.080000	2016	622.750000	"con edison"	"general cable industries"
52017358.570000	2018	622.750000	"con edison"	"general cable industries"
46496153.080000	2016	622.750000	"con edison"	"general cable industries"
16766547.970000	2016	103.250000	"con edison"	"gianfia corp"
13104980.000000	2018	103.250000	"con edison"	"gianfia corp"
18458024.130000	2017	103.250000	"con edison"	"gianfia corp"
16766547.970000	2016	103.250000	"con edison"	"gianfia corp"
19353028.060000	2017	7055.500000	"con edison"	"graybar electric co"
17191918.980000	2016	7055.500000	"con edison"	"graybar electric co"
17191918.980000	2016	7055.500000	"con edison"	"graybar electric co"
18737314.400000	2018	7055.500000	"con edison"	"graybar electric co"
3984253.200000	2016	3414.000000	"con edison"	"griffin security services"
5314085.930000	2017	3414.000000	"con edison"	"griffin security services"
2957921.090000	2018	3414.000000	"con edison"	"griffin security services"
3984253.200000	2016	3414.000000	"con edison"	"griffin security services"
2801456.770000	2017	194.750000	"con edison"	"h o penn machinery co"
4309391.330000	2016	194.750000	"con edison"	"h o penn machinery co"
2853543.250000	2018	194.750000	"con edison"	"h o penn machinery co"
4309391.330000	2016	194.750000	"con edison"	"h o penn machinery co"
10839559.070000	2016	63.000000	"con edison"	"halcyon construction corp"
8185654.750000	2017	63.000000	"con edison"	"halcyon construction corp"
10839559.070000	2016	63.000000	"con edison"	"halcyon construction corp"
6331818.140000	2018	63.000000	"con edison"	"halcyon construction corp"
3253816.560000	2016	260.500000	"con edison"	"hall enterprises  dba logistics planning services"
4523971.750000	2017	260.500000	"con edison"	"hall enterprises  dba logistics planning services"
5944938.460000	2018	260.500000	"con edison"	"hall enterprises  dba logistics planning services"
3253816.560000	2016	260.500000	"con edison"	"hall enterprises  dba logistics planning services"
13908206.620000	2018	2922.500000	"con edison"	"hallen construction co"
11195944.020000	2017	2922.500000	"con edison"	"hallen construction co"
12124759.090000	2016	2922.500000	"con edison"	"hallen construction co"
12124759.090000	2016	2922.500000	"con edison"	"hallen construction co"
513361.700000	2018	7.750000	"con edison"	"harley marine ny"
1669401.560000	2016	7.750000	"con edison"	"harley marine ny"
1099467.500000	2017	7.750000	"con edison"	"harley marine ny"
1669401.560000	2016	7.750000	"con edison"	"harley marine ny"
1278205.110000	2016	136.250000	"con edison"	"heath consultants"
1278205.110000	2016	136.250000	"con edison"	"heath consultants"
1085957.140000	2017	136.250000	"con edison"	"heath consultants"
1593268.290000	2018	136.250000	"con edison"	"heath consultants"
3225311.230000	2018	1077.750000	"con edison"	"herc rentals"
2518229.690000	2016	1077.750000	"con edison"	"herc rentals"
2412450.170000	2017	1077.750000	"con edison"	"herc rentals"
2518229.690000	2016	1077.750000	"con edison"	"herc rentals"
995992.830000	2016	31.250000	"con edison"	"herman miller"
514435.650000	2017	31.250000	"con edison"	"herman miller"
77429.980000	2018	31.250000	"con edison"	"herman miller"
995992.830000	2016	31.250000	"con edison"	"herman miller"
1247180.820000	2017	4.750000	"con edison"	"hess corp"
2240132.390000	2016	4.750000	"con edison"	"hess corp"
4810666.330000	2018	4.750000	"con edison"	"hess corp"
2240132.390000	2016	4.750000	"con edison"	"hess corp"
14917651.720000	2016	31.000000	"con edison"	"holt construction corp"
14917651.720000	2016	31.000000	"con edison"	"holt construction corp"
17606594.030000	2018	31.000000	"con edison"	"holt construction corp"
15809335.720000	2017	31.000000	"con edison"	"holt construction corp"
94012.500000	2018	98.500000	"con edison"	"honeywell international"
15699679.550000	2016	98.500000	"con edison"	"honeywell international"
3382341.950000	2017	98.500000	"con edison"	"honeywell international"
15699679.550000	2016	98.500000	"con edison"	"honeywell international"
485366.000000	2017	48.750000	"con edison"	"howard industries"
1065716.000000	2016	48.750000	"con edison"	"howard industries"
421614.000000	2018	48.750000	"con edison"	"howard industries"
1065716.000000	2016	48.750000	"con edison"	"howard industries"
112745.330000	2016	18.750000	"con edison"	"hubbell power systems"
998217.800000	2018	18.750000	"con edison"	"hubbell power systems"
112745.330000	2016	18.750000	"con edison"	"hubbell power systems"
790165.000000	2017	18.750000	"con edison"	"hubbell power systems"
361861.900000	2018	33.000000	"con edison"	"hw farren"
295444.000000	2016	33.000000	"con edison"	"hw farren"
295444.000000	2016	33.000000	"con edison"	"hw farren"
315899.200000	2017	33.000000	"con edison"	"hw farren"
13626745.500000	2016	96.750000	"con edison"	"ibm corp"
15884615.350000	2017	96.750000	"con edison"	"ibm corp"
13626745.500000	2016	96.750000	"con edison"	"ibm corp"
15993717.710000	2018	96.750000	"con edison"	"ibm corp"
13181521.690000	2018	155.500000	"con edison"	"icf resources"
638995.000000	2016	155.500000	"con edison"	"icf resources"
8189482.230000	2017	155.500000	"con edison"	"icf resources"
638995.000000	2016	155.500000	"con edison"	"icf resources"
4427540.520000	2017	4.750000	"con edison"	"ies corp dba axon energy"
5394948.500000	2016	4.750000	"con edison"	"ies corp dba axon energy"
5394948.500000	2016	4.750000	"con edison"	"ies corp dba axon energy"
5858715.650000	2018	4.750000	"con edison"	"ies corp dba axon energy"
560710.430000	2016	3.500000	"con edison"	"ihs global"
560710.430000	2016	3.500000	"con edison"	"ihs global"
137689.640000	2018	3.500000	"con edison"	"ihs global"
174191.910000	2017	3.500000	"con edison"	"ihs global"
565535.480000	2016	28.000000	"con edison"	"imac systems"
565535.480000	2016	28.000000	"con edison"	"imac systems"
594981.130000	2017	28.000000	"con edison"	"imac systems"
661377.010000	2018	28.000000	"con edison"	"imac systems"
14142815.190000	2017	6451.750000	"con edison"	"industrial staffing services"
11784361.380000	2016	6451.750000	"con edison"	"industrial staffing services"
13995499.850000	2018	6451.750000	"con edison"	"industrial staffing services"
11784361.380000	2016	6451.750000	"con edison"	"industrial staffing services"
4647568.500000	2018	21.500000	"con edison"	"infosys limited"
221436.000000	2016	21.500000	"con edison"	"infosys limited"
221436.000000	2016	21.500000	"con edison"	"infosys limited"
188929.000000	2017	21.500000	"con edison"	"infosys limited"
17306803.960000	2018	3537.750000	"con edison"	"insight direct usa"
8376821.630000	2016	3537.750000	"con edison"	"insight direct usa"
8376821.630000	2016	3537.750000	"con edison"	"insight direct usa"
13389053.620000	2017	3537.750000	"con edison"	"insight direct usa"
1000313.000000	2016	74.500000	"con edison"	"insight global"
792613.070000	2018	74.500000	"con edison"	"insight global"
1515441.020000	2017	74.500000	"con edison"	"insight global"
1000313.000000	2016	74.500000	"con edison"	"insight global"
26786.500000	2016	2.250000	"con edison"	"international chimney corp"
26786.500000	2016	2.250000	"con edison"	"international chimney corp"
1080363.120000	2018	2.250000	"con edison"	"international chimney corp"
17527.380000	2017	2.250000	"con edison"	"international chimney corp"
481053.740000	2018	100.500000	"con edison"	"iron mountain"
880759.700000	2016	100.500000	"con edison"	"iron mountain"
731592.440000	2017	100.500000	"con edison"	"iron mountain"
880759.700000	2016	100.500000	"con edison"	"iron mountain"
34614660.730000	2018	263.250000	"con edison"	"itron"
39490349.440000	2017	263.250000	"con edison"	"itron"
28241862.770000	2016	263.250000	"con edison"	"itron"
28241862.770000	2016	263.250000	"con edison"	"itron"
459898.570000	2016	17.500000	"con edison"	"ivci"
459898.570000	2016	17.500000	"con edison"	"ivci"
727997.670000	2017	17.500000	"con edison"	"ivci"
285705.590000	2018	17.500000	"con edison"	"ivci"
1749187.050000	2016	14.000000	"con edison"	"j fletcher creamer & son"
2523594.670000	2018	14.000000	"con edison"	"j fletcher creamer & son"
1749187.050000	2016	14.000000	"con edison"	"j fletcher creamer & son"
170065.200000	2017	14.000000	"con edison"	"j fletcher creamer & son"
2294096.920000	2016	38.000000	"con edison"	"j track"
2294096.920000	2016	38.000000	"con edison"	"j track"
13238354.280000	2018	38.000000	"con edison"	"j track"
11856613.720000	2017	38.000000	"con edison"	"j track"
105966073.380000	2018	644.500000	"con edison"	"jlj iv enterprises  general contractors"
49744193.570000	2016	644.500000	"con edison"	"jlj iv enterprises  general contractors"
60838258.330000	2017	644.500000	"con edison"	"jlj iv enterprises  general contractors"
49744193.570000	2016	644.500000	"con edison"	"jlj iv enterprises  general contractors"
2331238.200000	2018	59.250000	"con edison"	"john p picone"
3776619.770000	2017	59.250000	"con edison"	"john p picone"
10200364.950000	2016	59.250000	"con edison"	"john p picone"
10200364.950000	2016	59.250000	"con edison"	"john p picone"
12420954.990000	2016	12.250000	"con edison"	"judlau contracting"
10891882.110000	2018	12.250000	"con edison"	"judlau contracting"
12420954.990000	2016	12.250000	"con edison"	"judlau contracting"
9775693.690000	2017	12.250000	"con edison"	"judlau contracting"
2371508.950000	2018	91.750000	"con edison"	"kleinfelder"
1784090.750000	2016	91.750000	"con edison"	"kleinfelder"
1784090.750000	2016	91.750000	"con edison"	"kleinfelder"
1659933.580000	2017	91.750000	"con edison"	"kleinfelder"
0.000000	2016	5.000000	"con edison"	"kony"
1954812.500000	2017	5.000000	"con edison"	"kony"
0.000000	2016	5.000000	"con edison"	"kony"
1485382.810000	2018	5.000000	"con edison"	"kony"
680965.860000	2016	12.000000	"con edison"	"l&l energy"
680965.860000	2016	12.000000	"con edison"	"l&l energy"
135.240000	2018	12.000000	"con edison"	"l&l energy"
616710.040000	2017	12.000000	"con edison"	"l&l energy"
955598.150000	2017	124.750000	"con edison"	"langan"
785955.410000	2016	124.750000	"con edison"	"langan"
785955.410000	2016	124.750000	"con edison"	"langan"
873379.800000	2018	124.750000	"con edison"	"langan"
543532.110000	2017	3.500000	"con edison"	"latham & watkins llp"
1151951.480000	2016	3.500000	"con edison"	"latham & watkins llp"
1151951.480000	2016	3.500000	"con edison"	"latham & watkins llp"
69031.670000	2018	3.500000	"con edison"	"latham & watkins llp"
553831.700000	2016	19.000000	"con edison"	"level 3 communications"
553831.700000	2016	19.000000	"con edison"	"level 3 communications"
655855.830000	2017	19.000000	"con edison"	"level 3 communications"
680196.980000	2018	19.000000	"con edison"	"level 3 communications"
6908519.620000	2018	65.250000	"con edison"	"level one construction"
3796634.140000	2017	65.250000	"con edison"	"level one construction"
4266997.400000	2016	65.250000	"con edison"	"level one construction"
4266997.400000	2016	65.250000	"con edison"	"level one construction"
7350585.480000	2018	262.000000	"con edison"	"lewis tree service"
5987133.760000	2017	262.000000	"con edison"	"lewis tree service"
9611189.520000	2016	262.000000	"con edison"	"lewis tree service"
9611189.520000	2016	262.000000	"con edison"	"lewis tree service"
2203.660000	2016	2.500000	"con edison"	"linde engineering north america"
2632300.430000	2018	2.500000	"con edison"	"linde engineering north america"
0.000000	2017	2.500000	"con edison"	"linde engineering north america"
2203.660000	2016	2.500000	"con edison"	"linde engineering north america"
111095190.430000	2018	29.500000	"con edison"	"lk comstock & co"
0.000000	2016	29.500000	"con edison"	"lk comstock & co"
0.000000	2016	29.500000	"con edison"	"lk comstock & co"
31533440.790000	2017	29.500000	"con edison"	"lk comstock & co"
0.000000	2018	40.750000	"con edison"	"lockheed martin services"
9773079.980000	2016	40.750000	"con edison"	"lockheed martin services"
307057.100000	2017	40.750000	"con edison"	"lockheed martin services"
9773079.980000	2016	40.750000	"con edison"	"lockheed martin services"
3586343.750000	2017	438.250000	"con edison"	"m t deason co"
2334419.730000	2016	438.250000	"con edison"	"m t deason co"
6155354.350000	2018	438.250000	"con edison"	"m t deason co"
2334419.730000	2016	438.250000	"con edison"	"m t deason co"
5081394.930000	2016	15.500000	"con edison"	"m&r energy resources corp"
5465379.900000	2017	15.500000	"con edison"	"m&r energy resources corp"
5288381.540000	2018	15.500000	"con edison"	"m&r energy resources corp"
5081394.930000	2016	15.500000	"con edison"	"m&r energy resources corp"
16419407.020000	2017	397.750000	"con edison"	"manetta industries"
9986641.380000	2016	397.750000	"con edison"	"manetta industries"
9986641.380000	2016	397.750000	"con edison"	"manetta industries"
21030042.080000	2018	397.750000	"con edison"	"manetta industries"
498699.300000	2016	73.500000	"con edison"	"maser consulting pa"
498699.300000	2016	73.500000	"con edison"	"maser consulting pa"
353498.750000	2018	73.500000	"con edison"	"maser consulting pa"
344257.500000	2017	73.500000	"con edison"	"maser consulting pa"
9297029.600000	2017	10.750000	"con edison"	"mass electric construction co"
3870668.110000	2018	10.750000	"con edison"	"mass electric construction co"
7771349.480000	2016	10.750000	"con edison"	"mass electric construction co"
7771349.480000	2016	10.750000	"con edison"	"mass electric construction co"
3980000.000000	2017	9.000000	"con edison"	"mckinsey & co  united states"
10886556.560000	2018	9.000000	"con edison"	"mckinsey & co  united states"
750000.000000	2016	9.000000	"con edison"	"mckinsey & co  united states"
750000.000000	2016	9.000000	"con edison"	"mckinsey & co  united states"
40271690.080000	2016	625.500000	"con edison"	"mecc contracting"
40271690.080000	2016	625.500000	"con edison"	"mecc contracting"
47404315.800000	2017	625.500000	"con edison"	"mecc contracting"
59982553.440000	2018	625.500000	"con edison"	"mecc contracting"
470372.000000	2018	9.500000	"con edison"	"mercer"
755962.580000	2016	9.500000	"con edison"	"mercer"
598035.700000	2017	9.500000	"con edison"	"mercer"
755962.580000	2016	9.500000	"con edison"	"mercer"
182909.650000	2016	162.250000	"con edison"	"meter readings holding"
63880657.750000	2018	162.250000	"con edison"	"meter readings holding"
48679714.310000	2017	162.250000	"con edison"	"meter readings holding"
182909.650000	2016	162.250000	"con edison"	"meter readings holding"
14015995.630000	2016	55.000000	"con edison"	"mfm contracting corp"
5776474.930000	2017	55.000000	"con edison"	"mfm contracting corp"
14015995.630000	2016	55.000000	"con edison"	"mfm contracting corp"
9047450.340000	2018	55.000000	"con edison"	"mfm contracting corp"
6598980.660000	2016	11.250000	"con edison"	"michels corp"
6155940.030000	2018	11.250000	"con edison"	"michels corp"
179678.000000	2017	11.250000	"con edison"	"michels corp"
6598980.660000	2016	11.250000	"con edison"	"michels corp"
704464.230000	2016	14.250000	"con edison"	"microflex"
704464.230000	2016	14.250000	"con edison"	"microflex"
24593.140000	2018	14.250000	"con edison"	"microflex"
323831.630000	2017	14.250000	"con edison"	"microflex"
1422767.500000	2017	10.500000	"con edison"	"moodys investors service"
1422767.500000	2017	10.500000	"con edison"	"moodys investors service"
1764852.030000	2018	10.500000	"con edison"	"moodys investors service"
1764852.030000	2018	10.500000	"con edison"	"moodys investors service"
1389905.000000	2016	10.500000	"con edison"	"moodys investors service"
1389905.000000	2016	10.500000	"con edison"	"moodys investors service"
1389905.000000	2016	10.500000	"con edison"	"moodys investors service"
1389905.000000	2016	10.500000	"con edison"	"moodys investors service"
16665000.760000	2016	3069.250000	"con edison"	"mrc global us"
21513162.050000	2018	3069.250000	"con edison"	"mrc global us"
20560279.440000	2017	3069.250000	"con edison"	"mrc global us"
16665000.760000	2016	3069.250000	"con edison"	"mrc global us"
8640778.660000	2017	17640.250000	"con edison"	"msc industrial supply company"
11709640.660000	2018	17640.250000	"con edison"	"msc industrial supply company"
8893438.070000	2016	17640.250000	"con edison"	"msc industrial supply company"
8893438.070000	2016	17640.250000	"con edison"	"msc industrial supply company"
2166674.700000	2018	200.750000	"con edison"	"mulcare pipeline solutions"
2397479.340000	2016	200.750000	"con edison"	"mulcare pipeline solutions"
2397479.340000	2016	200.750000	"con edison"	"mulcare pipeline solutions"
1535370.910000	2017	200.750000	"con edison"	"mulcare pipeline solutions"
2577267.090000	2016	1352.750000	"con edison"	"national field service corp"
4268824.920000	2017	1352.750000	"con edison"	"national field service corp"
2577267.090000	2016	1352.750000	"con edison"	"national field service corp"
3828488.840000	2018	1352.750000	"con edison"	"national field service corp"
2467508.020000	2017	31.000000	"con edison"	"navigant consulting"
543486.670000	2016	31.000000	"con edison"	"navigant consulting"
543486.670000	2016	31.000000	"con edison"	"navigant consulting"
2072247.050000	2018	31.000000	"con edison"	"navigant consulting"
3712487.650000	2016	437.750000	"con edison"	"nelson services systems"
3712487.650000	2016	437.750000	"con edison"	"nelson services systems"
5133774.410000	2018	437.750000	"con edison"	"nelson services systems"
4436257.530000	2017	437.750000	"con edison"	"nelson services systems"
5589277.330000	2018	196.000000	"con edison"	"nelson tree service"
3942963.310000	2017	196.000000	"con edison"	"nelson tree service"
7141236.920000	2016	196.000000	"con edison"	"nelson tree service"
7141236.920000	2016	196.000000	"con edison"	"nelson tree service"
11644793.550000	2017	266.750000	"con edison"	"network infrastructure"
31292307.170000	2018	266.750000	"con edison"	"network infrastructure"
25191467.950000	2016	266.750000	"con edison"	"network infrastructure"
25191467.950000	2016	266.750000	"con edison"	"network infrastructure"
337599.640000	2016	14.000000	"con edison"	"nexant"
301524.450000	2018	14.000000	"con edison"	"nexant"
337599.640000	2016	14.000000	"con edison"	"nexant"
634664.990000	2017	14.000000	"con edison"	"nexant"
425555.090000	2016	12.750000	"con edison"	"nic holding corp"
651780.210000	2017	12.750000	"con edison"	"nic holding corp"
425555.090000	2016	12.750000	"con edison"	"nic holding corp"
381980.060000	2018	12.750000	"con edison"	"nic holding corp"
21936346.630000	2018	1200.750000	"con edison"	"northline utilities"
14610839.580000	2017	1200.750000	"con edison"	"northline utilities"
19271005.790000	2016	1200.750000	"con edison"	"northline utilities"
19271005.790000	2016	1200.750000	"con edison"	"northline utilities"
4525944.710000	2017	436.000000	"con edison"	"ny plumbing heating cooling corp"
3217582.410000	2018	436.000000	"con edison"	"ny plumbing heating cooling corp"
3372424.890000	2016	436.000000	"con edison"	"ny plumbing heating cooling corp"
3372424.890000	2016	436.000000	"con edison"	"ny plumbing heating cooling corp"
4816351.640000	2017	43.000000	"con edison"	"ocs industries"
3419977.610000	2018	43.000000	"con edison"	"ocs industries"
3302444.310000	2016	43.000000	"con edison"	"ocs industries"
3302444.310000	2016	43.000000	"con edison"	"ocs industries"
5835936.480000	2016	48.250000	"con edison"	"okonite co"
9401407.460000	2017	48.250000	"con edison"	"okonite co"
5763829.490000	2018	48.250000	"con edison"	"okonite co"
5835936.480000	2016	48.250000	"con edison"	"okonite co"
1503570.000000	2016	162.750000	"con edison"	"oldcastle precast"
1270670.500000	2018	162.750000	"con edison"	"oldcastle precast"
1503570.000000	2016	162.750000	"con edison"	"oldcastle precast"
1503024.500000	2017	162.750000	"con edison"	"oldcastle precast"
8063115.860000	2017	70.750000	"con edison"	"oleary construction"
5644417.640000	2016	70.750000	"con edison"	"oleary construction"
5644417.640000	2016	70.750000	"con edison"	"oleary construction"
7933598.690000	2018	70.750000	"con edison"	"oleary construction"
5911325.990000	2018	12.250000	"con edison"	"omnetric corp"
9068157.610000	2017	12.250000	"con edison"	"omnetric corp"
3450239.040000	2016	12.250000	"con edison"	"omnetric corp"
3450239.040000	2016	12.250000	"con edison"	"omnetric corp"
434776.100000	2016	65.000000	"con edison"	"one call concepts"
409493.890000	2018	65.000000	"con edison"	"one call concepts"
434776.100000	2016	65.000000	"con edison"	"one call concepts"
504250.140000	2017	65.000000	"con edison"	"one call concepts"
1613979.570000	2016	26.250000	"con edison"	"open text"
1613979.570000	2016	26.250000	"con edison"	"open text"
583020.620000	2017	26.250000	"con edison"	"open text"
95826.240000	2018	26.250000	"con edison"	"open text"
1090616.520000	2017	2.250000	"con edison"	"operations technology development"
1355270.000000	2016	2.250000	"con edison"	"operations technology development"
942056.230000	2018	2.250000	"con edison"	"operations technology development"
1355270.000000	2016	2.250000	"con edison"	"operations technology development"
738736.430000	2018	5.250000	"con edison"	"optiv security"
148722.840000	2016	5.250000	"con edison"	"optiv security"
824984.120000	2017	5.250000	"con edison"	"optiv security"
148722.840000	2016	5.250000	"con edison"	"optiv security"
0.000000	2016	4.000000	"con edison"	"opvantek"
1241848.480000	2018	4.000000	"con edison"	"opvantek"
0.000000	2016	4.000000	"con edison"	"opvantek"
732025.450000	2017	4.000000	"con edison"	"opvantek"
912314.980000	2018	2.750000	"con edison"	"osisoft"
1830976.840000	2017	2.750000	"con edison"	"osisoft"
630050.140000	2016	2.750000	"con edison"	"osisoft"
630050.140000	2016	2.750000	"con edison"	"osisoft"
25622926.310000	2016	458.250000	"con edison"	"osmose utilities services"
10769621.960000	2018	458.250000	"con edison"	"osmose utilities services"
25622926.310000	2016	458.250000	"con edison"	"osmose utilities services"
9183109.890000	2017	458.250000	"con edison"	"osmose utilities services"
8810586.030000	2016	60.750000	"con edison"	"otone mechanical construction"
8810586.030000	2016	60.750000	"con edison"	"otone mechanical construction"
7519563.040000	2018	60.750000	"con edison"	"otone mechanical construction"
3741085.770000	2017	60.750000	"con edison"	"otone mechanical construction"
4046202.900000	2017	280.750000	"con edison"	"p pohorence & son landscaping"
3326733.330000	2018	280.750000	"con edison"	"p pohorence & son landscaping"
3643946.020000	2016	280.750000	"con edison"	"p pohorence & son landscaping"
3643946.020000	2016	280.750000	"con edison"	"p pohorence & son landscaping"
4002202.170000	2016	26.250000	"con edison"	"p&t ii contracting corp"
8785480.810000	2017	26.250000	"con edison"	"p&t ii contracting corp"
5660925.130000	2018	26.250000	"con edison"	"p&t ii contracting corp"
4002202.170000	2016	26.250000	"con edison"	"p&t ii contracting corp"
6956125.080000	2017	52.000000	"con edison"	"pab contracting"
9141005.860000	2018	52.000000	"con edison"	"pab contracting"
8201832.070000	2016	52.000000	"con edison"	"pab contracting"
8201832.070000	2016	52.000000	"con edison"	"pab contracting"
413875.520000	2018	41.000000	"con edison"	"peak energy systems"
600713.740000	2016	41.000000	"con edison"	"peak energy systems"
540289.780000	2017	41.000000	"con edison"	"peak energy systems"
600713.740000	2016	41.000000	"con edison"	"peak energy systems"
8002788.800000	2018	358.500000	"con edison"	"peduto construction corp"
13686631.400000	2016	358.500000	"con edison"	"peduto construction corp"
12092580.250000	2017	358.500000	"con edison"	"peduto construction corp"
13686631.400000	2016	358.500000	"con edison"	"peduto construction corp"
3277652.080000	2016	13.000000	"con edison"	"pegasystems"
1192733.540000	2017	13.000000	"con edison"	"pegasystems"
3277652.080000	2016	13.000000	"con edison"	"pegasystems"
695968.700000	2018	13.000000	"con edison"	"pegasystems"
752004.000000	2018	33.000000	"con edison"	"perficient"
515142.000000	2016	33.000000	"con edison"	"perficient"
816390.020000	2017	33.000000	"con edison"	"perficient"
515142.000000	2016	33.000000	"con edison"	"perficient"
2700.000000	2017	16.000000	"con edison"	"performance pipe"
4450.000000	2018	16.000000	"con edison"	"performance pipe"
1360166.230000	2016	16.000000	"con edison"	"performance pipe"
1360166.230000	2016	16.000000	"con edison"	"performance pipe"
32748561.740000	2016	120.250000	"con edison"	"petmar builders co a division of yonkers contracting"
41723043.710000	2017	120.250000	"con edison"	"petmar builders co a division of yonkers contracting"
47724999.350000	2018	120.250000	"con edison"	"petmar builders co a division of yonkers contracting"
32748561.740000	2016	120.250000	"con edison"	"petmar builders co a division of yonkers contracting"
13480449.580000	2017	90.000000	"con edison"	"petrillo contracting"
12635551.980000	2016	90.000000	"con edison"	"petrillo contracting"
12635551.980000	2016	90.000000	"con edison"	"petrillo contracting"
17027500.100000	2018	90.000000	"con edison"	"petrillo contracting"
290453.990000	2016	19.750000	"con edison"	"phenix technologies"
614076.580000	2017	19.750000	"con edison"	"phenix technologies"
441964.610000	2018	19.750000	"con edison"	"phenix technologies"
290453.990000	2016	19.750000	"con edison"	"phenix technologies"
307690.240000	2017	2.500000	"con edison"	"platts"
328503.000000	2018	2.500000	"con edison"	"platts"
400798.000000	2016	2.500000	"con edison"	"platts"
400798.000000	2016	2.500000	"con edison"	"platts"
1235498.660000	2016	51.500000	"con edison"	"plcs"
221745.080000	2017	51.500000	"con edison"	"plcs"
1235498.660000	2016	51.500000	"con edison"	"plcs"
370334.070000	2018	51.500000	"con edison"	"plcs"
28309308.230000	2016	996.000000	"con edison"	"posillico"
14884753.700000	2018	996.000000	"con edison"	"posillico"
22482275.990000	2017	996.000000	"con edison"	"posillico"
28309308.230000	2016	996.000000	"con edison"	"posillico"
13855476.770000	2018	59.750000	"con edison"	"power survey co"
10340046.120000	2016	59.750000	"con edison"	"power survey co"
14202925.440000	2017	59.750000	"con edison"	"power survey co"
10340046.120000	2016	59.750000	"con edison"	"power survey co"
906719.340000	2016	9.750000	"con edison"	"powerplan"
906719.340000	2016	9.750000	"con edison"	"powerplan"
2975863.210000	2018	9.750000	"con edison"	"powerplan"
359486.080000	2017	9.750000	"con edison"	"powerplan"
18801877.110000	2017	1043.000000	"con edison"	"precision pipeline solutions"
14649846.580000	2016	1043.000000	"con edison"	"precision pipeline solutions"
14649846.580000	2016	1043.000000	"con edison"	"precision pipeline solutions"
31289041.790000	2018	1043.000000	"con edison"	"precision pipeline solutions"
6664220.380000	2016	235.500000	"con edison"	"premier utility services"
8472332.350000	2018	235.500000	"con edison"	"premier utility services"
2790599.020000	2017	235.500000	"con edison"	"premier utility services"
6664220.380000	2016	235.500000	"con edison"	"premier utility services"
37388890.550000	2018	219.250000	"con edison"	"presidio holdings"
11199030.090000	2016	219.250000	"con edison"	"presidio holdings"
11199030.090000	2016	219.250000	"con edison"	"presidio holdings"
15694611.300000	2017	219.250000	"con edison"	"presidio holdings"
1209492.250000	2016	7.000000	"con edison"	"prism international"
1209492.250000	2016	7.000000	"con edison"	"prism international"
81719.990000	2017	7.000000	"con edison"	"prism international"
274249.050000	2018	7.000000	"con edison"	"prism international"
504776.710000	2018	12.750000	"con edison"	"proquip"
492094.410000	2016	12.750000	"con edison"	"proquip"
628514.430000	2017	12.750000	"con edison"	"proquip"
492094.410000	2016	12.750000	"con edison"	"proquip"
5173623.160000	2016	19.250000	"con edison"	"protek locating"
5666909.180000	2018	19.250000	"con edison"	"protek locating"
5173623.160000	2016	19.250000	"con edison"	"protek locating"
5741878.480000	2017	19.250000	"con edison"	"protek locating"
3320349.740000	2017	48.000000	"con edison"	"quarter turn resources"
3452723.690000	2018	48.000000	"con edison"	"quarter turn resources"
1748690.870000	2016	48.000000	"con edison"	"quarter turn resources"
1748690.870000	2016	48.000000	"con edison"	"quarter turn resources"
368205.300000	2016	13.000000	"con edison"	"radian research"
368205.300000	2016	13.000000	"con edison"	"radian research"
1400312.000000	2017	13.000000	"con edison"	"radian research"
78674.220000	2018	13.000000	"con edison"	"radian research"
514730.000000	2016	4.750000	"con edison"	"railroad construction co"
1356164.080000	2018	4.750000	"con edison"	"railroad construction co"
1260968.350000	2017	4.750000	"con edison"	"railroad construction co"
514730.000000	2016	4.750000	"con edison"	"railroad construction co"
4374807.800000	2018	221.250000	"con edison"	"rcm technologies usa"
4555938.110000	2016	221.250000	"con edison"	"rcm technologies usa"
4555938.110000	2016	221.250000	"con edison"	"rcm technologies usa"
3231321.010000	2017	221.250000	"con edison"	"rcm technologies usa"
1777000.500000	2016	5.500000	"con edison"	"repsol energy north america corporation"
653779.750000	2018	5.500000	"con edison"	"repsol energy north america corporation"
1777000.500000	2016	5.500000	"con edison"	"repsol energy north america corporation"
1572125.760000	2017	5.500000	"con edison"	"repsol energy north america corporation"
15454458.260000	2016	8.000000	"con edison"	"res america construction"
135690.000000	2017	8.000000	"con edison"	"res america construction"
15454458.260000	2016	8.000000	"con edison"	"res america construction"
3738498.810000	2018	8.000000	"con edison"	"res america construction"
2338531.250000	2017	46.750000	"con edison"	"restani construction corp"
1910515.500000	2016	46.750000	"con edison"	"restani construction corp"
1910515.500000	2016	46.750000	"con edison"	"restani construction corp"
18231759.700000	2018	46.750000	"con edison"	"restani construction corp"
57761912.550000	2018	2533.250000	"con edison"	"richards mfg co sales"
56121579.940000	2017	2533.250000	"con edison"	"richards mfg co sales"
86885858.870000	2016	2533.250000	"con edison"	"richards mfg co sales"
86885858.870000	2016	2533.250000	"con edison"	"richards mfg co sales"
39043022.650000	2016	515.750000	"con edison"	"riggs distler & co"
38671060.920000	2017	515.750000	"con edison"	"riggs distler & co"
39043022.650000	2016	515.750000	"con edison"	"riggs distler & co"
25243872.190000	2018	515.750000	"con edison"	"riggs distler & co"
9500.000000	2016	9.750000	"con edison"	"ritec enterprises"
465260.000000	2018	9.750000	"con edison"	"ritec enterprises"
9500.000000	2016	9.750000	"con edison"	"ritec enterprises"
543795.000000	2017	9.750000	"con edison"	"ritec enterprises"
4834631.310000	2016	339.500000	"con edison"	"roman stone construction co"
4834631.310000	2016	339.500000	"con edison"	"roman stone construction co"
6814354.140000	2017	339.500000	"con edison"	"roman stone construction co"
6756153.350000	2018	339.500000	"con edison"	"roman stone construction co"
6545862.410000	2016	426.250000	"con edison"	"ross technology corp"
6757622.910000	2017	426.250000	"con edison"	"ross technology corp"
6545862.410000	2016	426.250000	"con edison"	"ross technology corp"
6376369.330000	2018	426.250000	"con edison"	"ross technology corp"
1732141.210000	2016	44.500000	"con edison"	"ruletek"
1732141.210000	2016	44.500000	"con edison"	"ruletek"
2400178.070000	2017	44.500000	"con edison"	"ruletek"
1387500.000000	2018	44.500000	"con edison"	"ruletek"
74319820.600000	2016	1447.750000	"con edison"	"safeway construction enterprises"
77508026.450000	2017	1447.750000	"con edison"	"safeway construction enterprises"
77186373.630000	2018	1447.750000	"con edison"	"safeway construction enterprises"
74319820.600000	2016	1447.750000	"con edison"	"safeway construction enterprises"
5292621.670000	2016	312.750000	"con edison"	"schneider electric"
5292621.670000	2016	312.750000	"con edison"	"schneider electric"
5732071.870000	2017	312.750000	"con edison"	"schneider electric"
4906513.800000	2018	312.750000	"con edison"	"schneider electric"
6763025.150000	2016	214.250000	"con edison"	"schultz ford loln"
6763025.150000	2016	214.250000	"con edison"	"schultz ford loln"
9890721.830000	2018	214.250000	"con edison"	"schultz ford loln"
10127012.230000	2017	214.250000	"con edison"	"schultz ford loln"
997675.880000	2016	97.000000	"con edison"	"schweitzer engineering laboratories"
1749088.750000	2017	97.000000	"con edison"	"schweitzer engineering laboratories"
2239883.300000	2018	97.000000	"con edison"	"schweitzer engineering laboratories"
997675.880000	2016	97.000000	"con edison"	"schweitzer engineering laboratories"
2832227.820000	2016	48.750000	"con edison"	"scottmadden"
4823167.990000	2018	48.750000	"con edison"	"scottmadden"
3042297.710000	2017	48.750000	"con edison"	"scottmadden"
2832227.820000	2016	48.750000	"con edison"	"scottmadden"
0.000000	2016	0.500000	"con edison"	"sevenson environmental services"
1164869.840000	2018	0.500000	"con edison"	"sevenson environmental services"
0.000000	2017	0.500000	"con edison"	"sevenson environmental services"
0.000000	2016	0.500000	"con edison"	"sevenson environmental services"
483613.840000	2016	25.750000	"con edison"	"shikoku international corp"
1248933.890000	2017	25.750000	"con edison"	"shikoku international corp"
483613.840000	2016	25.750000	"con edison"	"shikoku international corp"
156147.280000	2018	25.750000	"con edison"	"shikoku international corp"
15995231.450000	2016	345.250000	"con edison"	"simon contractors"
19585945.060000	2017	345.250000	"con edison"	"simon contractors"
15995231.450000	2016	345.250000	"con edison"	"simon contractors"
21622581.330000	2018	345.250000	"con edison"	"simon contractors"
32140963.420000	2016	111.500000	"con edison"	"siemens energy"
32140963.420000	2016	111.500000	"con edison"	"siemens energy"
44722422.710000	2018	111.500000	"con edison"	"siemens energy"
42964556.720000	2017	111.500000	"con edison"	"siemens energy"
24509931.770000	2018	58.750000	"con edison"	"smart grid solutions"
5514503.600000	2016	58.750000	"con edison"	"smart grid solutions"
5514503.600000	2016	58.750000	"con edison"	"smart grid solutions"
10593953.110000	2017	58.750000	"con edison"	"smart grid solutions"
1463456.670000	2016	18.000000	"con edison"	"smart one energy"
746068.730000	2018	18.000000	"con edison"	"smart one energy"
1463456.670000	2016	18.000000	"con edison"	"smart one energy"
932688.690000	2017	18.000000	"con edison"	"smart one energy"
1491695.150000	2017	24.500000	"con edison"	"smartwatt energy"
885772.170000	2018	24.500000	"con edison"	"smartwatt energy"
228318.290000	2016	24.500000	"con edison"	"smartwatt energy"
228318.290000	2016	24.500000	"con edison"	"smartwatt energy"
1583372.220000	2017	147.250000	"con edison"	"smith blair"
227359.370000	2016	147.250000	"con edison"	"smith blair"
227359.370000	2016	147.250000	"con edison"	"smith blair"
2014480.420000	2018	147.250000	"con edison"	"smith blair"
4822171.190000	2016	292.000000	"con edison"	"software guidance & assistance"
5222562.480000	2017	292.000000	"con edison"	"software guidance & assistance"
4822171.190000	2016	292.000000	"con edison"	"software guidance & assistance"
2440244.460000	2018	292.000000	"con edison"	"software guidance & assistance"
368322.180000	2016	58.500000	"con edison"	"solenis"
435006.580000	2017	58.500000	"con edison"	"solenis"
483628.880000	2018	58.500000	"con edison"	"solenis"
368322.180000	2016	58.500000	"con edison"	"solenis"
3660748.860000	2016	7.500000	"con edison"	"south jersey resources group"
2075656.150000	2018	7.500000	"con edison"	"south jersey resources group"
3660748.860000	2016	7.500000	"con edison"	"south jersey resources group"
2786957.250000	2017	7.500000	"con edison"	"south jersey resources group"
2038963.800000	2018	25.500000	"con edison"	"southern cross corp"
0.000000	2016	25.500000	"con edison"	"southern cross corp"
483420.020000	2017	25.500000	"con edison"	"southern cross corp"
0.000000	2016	25.500000	"con edison"	"southern cross corp"
1096628.630000	2016	33.750000	"con edison"	"southern states"
1096628.630000	2016	33.750000	"con edison"	"southern states"
2050423.120000	2017	33.750000	"con edison"	"southern states"
1496377.850000	2018	33.750000	"con edison"	"southern states"
13402956.930000	2018	4.250000	"con edison"	"sparks energy"
1119483.570000	2017	4.250000	"con edison"	"sparks energy"
0.000000	2016	4.250000	"con edison"	"sparks energy"
0.000000	2016	4.250000	"con edison"	"sparks energy"
55659.980000	2017	3.000000	"con edison"	"spectron energy"
1013975.300000	2018	3.000000	"con edison"	"spectron energy"
6267.760000	2016	3.000000	"con edison"	"spectron energy"
6267.760000	2016	3.000000	"con edison"	"spectron energy"
0.000000	2016	3.250000	"con edison"	"spirax sarco"
0.000000	2016	3.250000	"con edison"	"spirax sarco"
725642.660000	2017	3.250000	"con edison"	"spirax sarco"
720007.860000	2018	3.250000	"con edison"	"spirax sarco"
152719.800000	2017	10.750000	"con edison"	"stantec consulting services"
743467.260000	2016	10.750000	"con edison"	"stantec consulting services"
388067.550000	2018	10.750000	"con edison"	"stantec consulting services"
743467.260000	2016	10.750000	"con edison"	"stantec consulting services"
3347372.270000	2017	11995.750000	"con edison"	"staples advantage"
3675062.920000	2016	11995.750000	"con edison"	"staples advantage"
3675062.920000	2016	11995.750000	"con edison"	"staples advantage"
3389526.350000	2018	11995.750000	"con edison"	"staples advantage"
5034676.470000	2016	2625.750000	"con edison"	"steadman parking services"
1714891.110000	2018	2625.750000	"con edison"	"steadman parking services"
4060197.810000	2017	2625.750000	"con edison"	"steadman parking services"
5034676.470000	2016	2625.750000	"con edison"	"steadman parking services"
6158835.850000	2016	228.250000	"con edison"	"step mar contracting corp"
6158835.850000	2016	228.250000	"con edison"	"step mar contracting corp"
7323378.600000	2017	228.250000	"con edison"	"step mar contracting corp"
6246355.430000	2018	228.250000	"con edison"	"step mar contracting corp"
0.000000	2016	0.250000	"con edison"	"story services"
3795740.960000	2018	0.250000	"con edison"	"story services"
0.000000	2017	0.250000	"con edison"	"story services"
0.000000	2016	0.250000	"con edison"	"story services"
4526459.250000	2016	1415.750000	"con edison"	"stuart c irby co dba irby utilities"
4395720.070000	2018	1415.750000	"con edison"	"stuart c irby co dba irby utilities"
3957500.610000	2017	1415.750000	"con edison"	"stuart c irby co dba irby utilities"
4526459.250000	2016	1415.750000	"con edison"	"stuart c irby co dba irby utilities"
1558020.430000	2016	90.250000	"con edison"	"stuart steel protection corp"
1060339.580000	2018	90.250000	"con edison"	"stuart steel protection corp"
1036741.200000	2017	90.250000	"con edison"	"stuart steel protection corp"
1558020.430000	2016	90.250000	"con edison"	"stuart steel protection corp"
1198549.510000	2017	192.000000	"con edison"	"sunbelt rentals"
1116522.380000	2018	192.000000	"con edison"	"sunbelt rentals"
1193703.840000	2016	192.000000	"con edison"	"sunbelt rentals"
1193703.840000	2016	192.000000	"con edison"	"sunbelt rentals"
544395.630000	2017	10.500000	"con edison"	"synergos technologies"
398535.750000	2016	10.500000	"con edison"	"synergos technologies"
509729.060000	2018	10.500000	"con edison"	"synergos technologies"
398535.750000	2016	10.500000	"con edison"	"synergos technologies"
3399253.000000	2016	3.000000	"con edison"	"taihan electric usa"
4209396.010000	2018	3.000000	"con edison"	"taihan electric usa"
3592316.370000	2017	3.000000	"con edison"	"taihan electric usa"
3399253.000000	2016	3.000000	"con edison"	"taihan electric usa"
2485415.370000	2017	9.250000	"con edison"	"tc electric"
0.000000	2016	9.250000	"con edison"	"tc electric"
13481279.190000	2018	9.250000	"con edison"	"tc electric"
0.000000	2016	9.250000	"con edison"	"tc electric"
302301.280000	2018	24.250000	"con edison"	"td williamson"
1236246.160000	2016	24.250000	"con edison"	"td williamson"
1236246.160000	2016	24.250000	"con edison"	"td williamson"
1041253.820000	2017	24.250000	"con edison"	"td williamson"
1311525.100000	2017	12.750000	"con edison"	"technical components co"
181050.600000	2016	12.750000	"con edison"	"technical components co"
181050.600000	2016	12.750000	"con edison"	"technical components co"
183242.200000	2018	12.750000	"con edison"	"technical components co"
3478817.220000	2017	33.000000	"con edison"	"thinkeco"
2265774.810000	2016	33.000000	"con edison"	"thinkeco"
7827478.700000	2018	33.000000	"con edison"	"thinkeco"
2265774.810000	2016	33.000000	"con edison"	"thinkeco"
696147.500000	2016	70.750000	"con edison"	"thomson reuters"
338684.980000	2018	70.750000	"con edison"	"thomson reuters"
650390.560000	2017	70.750000	"con edison"	"thomson reuters"
696147.500000	2016	70.750000	"con edison"	"thomson reuters"
3347826.220000	2016	290.250000	"con edison"	"titanic underground contractors corp"
4113832.180000	2018	290.250000	"con edison"	"titanic underground contractors corp"
3347826.220000	2016	290.250000	"con edison"	"titanic underground contractors corp"
4422302.170000	2017	290.250000	"con edison"	"titanic underground contractors corp"
165531.040000	2017	2.000000	"con edison"	"total gas & power north america"
1867890.000000	2016	2.000000	"con edison"	"total gas & power north america"
0.000000	2018	2.000000	"con edison"	"total gas & power north america"
1867890.000000	2016	2.000000	"con edison"	"total gas & power north america"
1443838.410000	2017	28.750000	"con edison"	"trc environmental corp"
225085.330000	2016	28.750000	"con edison"	"trc environmental corp"
225085.330000	2016	28.750000	"con edison"	"trc environmental corp"
1782214.810000	2018	28.750000	"con edison"	"trc environmental corp"
8134403.670000	2016	203.750000	"con edison"	"trees"
4755671.340000	2018	203.750000	"con edison"	"trees"
8134403.670000	2016	203.750000	"con edison"	"trees"
5637815.900000	2017	203.750000	"con edison"	"trees"
31577358.430000	2018	253.000000	"con edison"	"tri messine construction co"
26506104.680000	2016	253.000000	"con edison"	"tri messine construction co"
26506104.680000	2016	253.000000	"con edison"	"tri messine construction co"
28195095.110000	2017	253.000000	"con edison"	"tri messine construction co"
40044.020000	2017	6.000000	"con edison"	"tripwire"
563476.460000	2016	6.000000	"con edison"	"tripwire"
563476.460000	2016	6.000000	"con edison"	"tripwire"
0.000000	2018	6.000000	"con edison"	"tripwire"
53124871.580000	2016	1067.000000	"con edison"	"triumph construction corp"
53124871.580000	2016	1067.000000	"con edison"	"triumph construction corp"
65813295.230000	2017	1067.000000	"con edison"	"triumph construction corp"
56973436.580000	2018	1067.000000	"con edison"	"triumph construction corp"
8011120.480000	2018	791.250000	"con edison"	"triumvirate environmental"
9361403.310000	2017	791.250000	"con edison"	"triumvirate environmental"
5815548.060000	2016	791.250000	"con edison"	"triumvirate environmental"
5815548.060000	2016	791.250000	"con edison"	"triumvirate environmental"
7015354.150000	2016	521.750000	"con edison"	"tsr consulting services"
13775080.220000	2018	521.750000	"con edison"	"tsr consulting services"
8622812.670000	2017	521.750000	"con edison"	"tsr consulting services"
7015354.150000	2016	521.750000	"con edison"	"tsr consulting services"
6926197.650000	2018	23.500000	"con edison"	"tully construction co"
4516262.070000	2017	23.500000	"con edison"	"tully construction co"
5389688.260000	2016	23.500000	"con edison"	"tully construction co"
5389688.260000	2016	23.500000	"con edison"	"tully construction co"
24294929.890000	2018	93.500000	"con edison"	"turtle & hughes"
501421.260000	2016	93.500000	"con edison"	"turtle & hughes"
501421.260000	2016	93.500000	"con edison"	"turtle & hughes"
293884.720000	2017	93.500000	"con edison"	"turtle & hughes"
516559.780000	2016	3.500000	"con edison"	"unify"
384200.000000	2017	3.500000	"con edison"	"unify"
0.000000	2018	3.500000	"con edison"	"unify"
516559.780000	2016	3.500000	"con edison"	"unify"
5102047.150000	2016	39.000000	"con edison"	"usic locating services"
5102047.150000	2016	39.000000	"con edison"	"usic locating services"
7702488.880000	2017	39.000000	"con edison"	"usic locating services"
9854274.930000	2018	39.000000	"con edison"	"usic locating services"
18870453.440000	2016	566.250000	"con edison"	"vali industries"
24818549.680000	2017	566.250000	"con edison"	"vali industries"
18870453.440000	2016	566.250000	"con edison"	"vali industries"
27242221.210000	2018	566.250000	"con edison"	"vali industries"
157635.740000	2016	2.750000	"con edison"	"veolia es industrial services"
157635.740000	2016	2.750000	"con edison"	"veolia es industrial services"
8522.070000	2017	2.750000	"con edison"	"veolia es industrial services"
0.000000	2018	2.750000	"con edison"	"veolia es industrial services"
5523975.980000	2016	64.750000	"con edison"	"verde electric corp"
5260336.490000	2017	64.750000	"con edison"	"verde electric corp"
6315797.180000	2018	64.750000	"con edison"	"verde electric corp"
5523975.980000	2016	64.750000	"con edison"	"verde electric corp"
556256.740000	2016	5.750000	"con edison"	"vmware"
561081.810000	2017	5.750000	"con edison"	"vmware"
28134.040000	2018	5.750000	"con edison"	"vmware"
556256.740000	2016	5.750000	"con edison"	"vmware"
6004831.720000	2016	14.500000	"con edison"	"von roll transformers"
6004831.720000	2016	14.500000	"con edison"	"von roll transformers"
7447469.000000	2018	14.500000	"con edison"	"von roll transformers"
3625217.780000	2017	14.500000	"con edison"	"von roll transformers"
230032.000000	2016	2.000000	"con edison"	"washington gas light co"
1294875.000000	2018	2.000000	"con edison"	"washington gas light co"
230032.000000	2016	2.000000	"con edison"	"washington gas light co"
6763260.620000	2017	2.000000	"con edison"	"washington gas light co"
17583386.690000	2016	24.500000	"con edison"	"waterworks a joint venture"
12790869.260000	2018	24.500000	"con edison"	"waterworks a joint venture"
17583386.690000	2016	24.500000	"con edison"	"waterworks a joint venture"
15400847.830000	2017	24.500000	"con edison"	"waterworks a joint venture"
5378575.060000	2016	2350.000000	"con edison"	"wesco distribution"
5310626.090000	2018	2350.000000	"con edison"	"wesco distribution"
5256816.340000	2017	2350.000000	"con edison"	"wesco distribution"
5378575.060000	2016	2350.000000	"con edison"	"wesco distribution"
5367531.500000	2017	31.500000	"con edison"	"west monroe partners"
2135980.500000	2016	31.500000	"con edison"	"west monroe partners"
6189878.000000	2018	31.500000	"con edison"	"west monroe partners"
2135980.500000	2016	31.500000	"con edison"	"west monroe partners"
239429.750000	2016	25.000000	"con edison"	"weston solutions"
625117.940000	2018	25.000000	"con edison"	"weston solutions"
193957.600000	2017	25.000000	"con edison"	"weston solutions"
239429.750000	2016	25.000000	"con edison"	"weston solutions"
484667.420000	2017	14.250000	"con edison"	"wgs equipment and controls"
731958.960000	2018	14.250000	"con edison"	"wgs equipment and controls"
165980.000000	2016	14.250000	"con edison"	"wgs equipment and controls"
165980.000000	2016	14.250000	"con edison"	"wgs equipment and controls"
4443376.890000	2018	6.750000	"con edison"	"wigen companies  dba wigen water technologies"
3742866.000000	2016	6.750000	"con edison"	"wigen companies  dba wigen water technologies"
4872927.470000	2017	6.750000	"con edison"	"wigen companies  dba wigen water technologies"
3742866.000000	2016	6.750000	"con edison"	"wigen companies  dba wigen water technologies"
52368089.260000	2018	148.750000	"con edison"	"willdan energy solutions"
47504910.980000	2016	148.750000	"con edison"	"willdan energy solutions"
47504910.980000	2016	148.750000	"con edison"	"willdan energy solutions"
58400391.990000	2017	148.750000	"con edison"	"willdan energy solutions"
647424.800000	2016	1504.750000	"con edison"	"williams scotsman"
1038847.360000	2018	1504.750000	"con edison"	"williams scotsman"
647424.800000	2016	1504.750000	"con edison"	"williams scotsman"
1265349.690000	2017	1504.750000	"con edison"	"williams scotsman"
14413016.350000	2016	87.250000	"con edison"	"williams specialty services"
11179355.890000	2018	87.250000	"con edison"	"williams specialty services"
14413016.350000	2016	87.250000	"con edison"	"williams specialty services"
11016441.870000	2017	87.250000	"con edison"	"williams specialty services"
212389.020000	2018	28.250000	"con edison"	"winston & strawn llp"
481455.940000	2016	28.250000	"con edison"	"winston & strawn llp"
390422.860000	2017	28.250000	"con edison"	"winston & strawn llp"
481455.940000	2016	28.250000	"con edison"	"winston & strawn llp"
15199090.270000	2018	44.500000	"con edison"	"yonkers contracting co"
17866597.560000	2016	44.500000	"con edison"	"yonkers contracting co"
13402948.740000	2017	44.500000	"con edison"	"yonkers contracting co"
17866597.560000	2016	44.500000	"con edison"	"yonkers contracting co"
